title,company,city,salary,source,collected_at
Freelance Writer,IAPWE,Remote,$50-$75 /hour,remotive.com,2026-05-09 17:49:16
🇩🇪Customer Support Manager,Parkosecure GmbH,Remote,,remotive.com,2026-05-09 17:49:16
Copywriter,Coalition Technologies ,Remote,$20k -$35k,remotive.com,2026-05-09 17:49:16
Senior DevOps Engineer,Lemon.io,Remote,,remotive.com,2026-05-09 17:49:16
Operations software assistant,Bulldog Digital Media,Remote,"$12k - $19k (35 hrs/week, freelance)",remotive.com,2026-05-09 17:49:16
Head of Engineering,Lemon.io,Remote,,remotive.com,2026-05-09 17:49:16
Mid/Senior AI Video Artist,EverAI,Remote,-,remotive.com,2026-05-09 17:49:16
Content Reviewer - US,TELUS Digital,Remote,$14/hour,remotive.com,2026-05-09 17:49:16
AI Engineer,Dry Ground AI,Remote,$40- $60k,remotive.com,2026-05-09 17:49:16
Customer Retention Manager,AutoHDR,Remote,,remotive.com,2026-05-09 17:49:16
Customer Support Representative,AutoHDR,Remote,,remotive.com,2026-05-09 17:49:16
Senior Independent AI Engineer / Architect,A.Team,Remote,$120 - $170 /hour,remotive.com,2026-05-09 17:49:16
Senior Independent Software Developer,A.Team,Remote,$90 - $150 /hour,remotive.com,2026-05-09 17:49:16
Senior Full-stack React Developer,Lemon.io,Remote,,remotive.com,2026-05-09 17:49:16
Tech Lead Full-Stack Rails Engineer,Mitre Media,Remote,$170k - $200k,remotive.com,2026-05-09 17:49:16
Online Data Analyst United States,TELUS Digital,Remote,,remotive.com,2026-05-09 17:49:16
Office Assistant,Coalition Technologies ,Remote,"$31,2k- $52k",remotive.com,2026-05-09 17:49:16
"🇩🇪 Senior/Staff Software Engineer PHP, TS, Rust, Kotlin (m/w/d)",easybill GmbH,Remote,,remotive.com,2026-05-09 17:49:16
iOS Developer,nooro,Remote,$60k-$130k (depending on experience),remotive.com,2026-05-09 17:49:16
Senior Frontend Developer,Sanctuary Computer,Remote,$80k - $120k,remotive.com,2026-05-09 17:49:16
